Machine Name,Policy Target,Subcategory,Subcategory GUID,Inclusion Setting,Exclusion Setting,Setting Value
,System,Security System Extension,{0CCE9211-69AE-11D9-BED3-505054503030},Success and Failure,,3
,System,Logon,{0CCE9215-69AE-11D9-BED3-505054503030},Success and Failure,,3
,System,Process Creation,{0CCE922B-69AE-11D9-BED3-505054503030},Success,,1
,System,Credential Validation,{0CCE923F-69AE-11D9-BED3-505054503030},Success and Failure,,3
,System,Audit Policy Change,{0CCE922F-69AE-11D9-BED3-505054503030},Success and Failure,,3
,System,Special Logon,{0CCE921B-69AE-11D9-BED3-505054503030},Success,,1
,System,Other Account Management Events,{0CCE923A-69AE-11D9-BED3-505054503030},Success and Failure,,3
,System,Removable Storage,{0CCE9245-69AE-11D9-BED3-505054503030},Success and Failure,,3
,System,Account Lockout,{0CCE9217-69AE-11D9-BED3-505054503030},Success,,1
,System,User Account Management,{0CCE9235-69AE-11D9-BED3-505054503030},Success and Failure,,3
,System,System Integrity,{0CCE9212-69AE-11D9-BED3-505054503030},Success and Failure,,3
,System,Security State Change,{0CCE9210-69AE-11D9-BED3-505054503030},Success,,1
,System,Sensitive Privilege Use,{0CCE9228-69AE-11D9-BED3-505054503030},Success and Failure,,3
,System,Other System Events,{0CCE9214-69AE-11D9-BED3-505054503030},Success and Failure,,3
,System,Security Group Management,{0CCE9237-69AE-11D9-BED3-505054503030},Success and Failure,,3
,System,Authentication Policy Change,{0CCE9230-69AE-11D9-BED3-505054503030},Success,,1
,System,Logoff,{0CCE9216-69AE-11D9-BED3-505054503030},Success,,1
,System,IPsec Driver,{0CCE9213-69AE-11D9-BED3-505054503030},Success and Failure,,3
